ballet_shoe_2,Sports,
ballet_shoe,Sports,
church_2,Other,
Church,Other,
glasses_2,Health,
Glasses,Health,
hearing_aid_2,Health,
hearing_aid,Health,
hockey_sticks,Sports,
light_bulb_2,Other,
light_bulb,Other,
light_switch,Other,
school_folder_2,School,
school_folder_3,School,
school_folder,School,
science_beaker_2,School,
science_beaker,School,
youtube_1,Rewards,
youtube_2,Rewards,
youtube_3,Rewards,
bouncy_house_1,Rewards,
bouncy_house_2,Rewards,
candy_with_an_s_1,Rewards,
candy_with_an_s_2,Rewards,
fire_truck_1,Rewards,
fire_truck_2,Rewards,
four_wheeler_1,Rewards,
four_wheeler_2,Rewards,
glass_of_milk_1,Food,
glass_of_milk_2,Food,
hairbrush_1,Hygiene,
hairbrush_2,Hygiene,
hairbrush_3,Hygiene,
lamp_1,Chores,
lamp_2,Chores,
legos_1,Rewards,
legos_2,Rewards,
legos_3,Rewards,
sun_1,Other,
sun_2,Other,
sun_3,Other,
sleeping_bag_1,Rewards,
sleeping_bag_2,Rewards,
uniform_icon_1,Clothes,
uniform_icon_2,Clothes,
uniform_icon_3,Clothes,
dance_class_1,Sports,
dance_class_2,Sports,
dirt_bike_1,Sports,
dirt_bike_2,Sports,
globe_1,Rewards,
go_kart_1,Rewards,
hang_towel_1,Clothes,
hang_towel_2,Clothes,
put_on_watch_1,Routines,
put_on_watch_2,Routines,
tennis_raquet_1,Sports,
tennis_raquet_2,Sports,
turn_off_lights_1,Chores,
turn_off_lights_2,Chores,
1_2_3_2nd,Other,
1_2_3,Other,
a_person_running_1,Sports,
a_person_running_2,Sports,
a_person_running_3,Sports,
bicycle_1,Sports,
bicycle_2,Sports,
bicycle_3,Sports,
child_holding_1,People,People
child_holding_2,People,People
conversation_bubble_1,People,People
conversation_bubble_2,People,People
conversation_bubble_3,People,People
conversation_bubble_4,People,People
conversation_bubble_two_people,People,People
crayon_2,School,
crayon_3,School,
donut_1,Food,
donut_2,Food,
emojis_1,Other,
emojis_2,Other,
emojis_3,Other,
emotions__anger_2,Behaviors,
emotions__anger_3,Behaviors,
emotions__anger1,Behaviors,
generic_family_1,People,
generic_family_2,People,
generic_family_3,People,
hockey_icon_1,Sports,
hockey_icon_2,Sports,
hot_steaming_cup_1,Food,
hot_steaming_cup_2,Food,
luchbox_1,Food,
luchbox_2,Food,
luchbox_3,Food,
pencil_1,School,
pencil_2,School,
piano_1,Routines,
piano_2,Routines,
piano_3,Routines,
playground_1,Rewards,
playground_2,Rewards,
playground_3,Rewards,
playground_4,Rewards,
popcorn_movies_1,Rewards,
popcorn_movies_2,Rewards,
roller_coaster_1,Rewards,
roller_coaster_2,Rewards,
roller_coaster_3,Rewards,
sheet_music_1,School,
sheet_music_2,School,
towel_1,Clothes,
towel_2,Clothes,
yelling_face_1,Behaviors,
circle_with_red_yellow_green_blue_1,Other,
asset_105,Chores,
asset_108,Chores,
asset_110,Chores,
asset_114,Chores,
asset_15,Chores,
asset_16,Chores,
asset_17,Chores,
asset_18,Chores,
asset_20,Chores,
asset_23,Chores,
asset_27,Chores,
asset_31,Chores,
asset_45,Chores,
asset_48,Chores,
asset_49,Chores,
asset_4,Chores,
asset_54,Chores,
asset_58,Chores,
asset_62,Chores,
asset_64,Chores,
asset_66,Chores,
asset_69,Chores,
asset_70,Chores,
asset_71,Chores,
asset_77,Chores,
asset_78,Chores,
asset_80,Chores,
asset_87,Chores,
asset_89,Chores,
asset_94,Chores,
asset_98,Chores,
clean3,Chores,
clean5,Chores,
trash1,Chores,
trash2,Chores,
asset_100,Clothes,
asset_109,Clothes,
asset_116,Clothes,
asset_11,Clothes,
asset_19,Clothes,
asset_21,Clothes,
asset_22,Clothes,
asset_2,Clothes,
asset_30,Clothes,
asset_35,Clothes,
asset_46,Clothes,
asset_51,Clothes,
asset_60,Clothes,
asset_68,Clothes,
asset_84,Clothes,
asset_86,Clothes,
asset_93,Clothes,
beach1,Clothes,
clothes1,Clothes,
shoe9,Clothes,
shoes2,Clothes,
sock1,Clothes,
underwear1,Clothes,
apple1,Food,
asset_113,Food,
asset_37,Food,
asset_44,Food,
asset_82,Food,
bread1,Food,
breakfast1,Food,
cook1,Food,
dinner1,Food,
drink4,Food,
eat1,Food,
eat6,Food,
eat7,Food,
eat9,Food,
fruit1,Food,
fruit3,Food,
happymeal1,Food,
hotdog1,Food,
icecream1,Food,
icecream4,Food,
icecream5,Food,
icecream6,Food,
pizza1,Food,
sandwich1,Food,
snack2,Food,
snack4,Food,
vegetable1,Food,
vegetable2,Food,
asset_12,Food,
cake2,Food,
asset_101,Hygiene,
asset_104,Hygiene,
asset_24,Hygiene,
asset_25,Hygiene,
asset_38,Hygiene,
asset_39,Hygiene,
asset_40,Hygiene,
asset_41,Hygiene,
asset_47,Hygiene,
asset_55,Hygiene,
asset_5,Hygiene,
asset_61,Hygiene,
asset_72,Hygiene,
asset_75,Hygiene,
asset_76,Hygiene,
asset_81,Hygiene,
asset_95,Hygiene,
asset_97,Hygiene,
bath1,Hygiene,
bathroom2,Hygiene,
bathroom3,Hygiene,
clean1,Hygiene,
clean6,Hygiene,
shower9,Hygiene,
sunscreen1,Hygiene,
toothbrush1,Hygiene,
art8,Other,
asset_102,Other,
asset_103,Other,
asset_106,Other,
asset_10,Other,
asset_111,Other,
asset_112,Other,
asset_118,Other,
asset_119,Other,
asset_121,Other,
asset_123,Other,
asset_13,Other,
asset_1,Other,
asset_36,Other,
asset_3,Other,
asset_43,Other,
asset_59,Other,
asset_63,Other,
asset_7,Other,
asset_85,Other,
asset_88,Other,
asset_90,Other,
asset_91,Other,
asset_92,Other,
asset_99,Other,
beach4,Other,
bear1,Other,
boat3,Other,
bubbles1,Other,
camping1,Other,
car2,Other,
check1,Other,
clock1,Other,
clock4,Other,
fish3,Other,
glasses1,Other,
heart1,Other,
hug4,Other,
music10,Other,
music1,Other,
music2,Other,
music4,Other,
music7,Other,
paint1,Other,
plane4,Other,
shop3,Other,
timer1,Other,
toy13,Other,
toy2,Other,
toy3,Other,
train1,Other,
train4,Other,
truck1,Other,
asset_115,People,
asset_120,People,
asset_57,People,
asset_6,People,
asset_79,People,
doll1,People,
asset_34,Pets,
asset_42,Pets,
bird1,Pets,
bone1,Pets,
bunny1,Pets,
cat1,Pets,
catfood1,Pets,
dog1,Pets,
dogfood1,Pets,
fish4,Pets,
leash1,Pets,
asset_107,Rewards,
asset_33,Rewards,
award3,Rewards,
balloon2,Rewards,
bank1,Rewards,
candy1,Rewards,
coin1,Rewards,
cup1,Rewards,
game2,Rewards,
money1,Rewards,
phone4,Rewards,
swing1,Rewards,
tablet1,Rewards,
tv1,Rewards,
video3,Rewards,
asset_117,Routines,
asset_53,Routines,
asset_83,Routines,
bed9,Routines,
evening,Routines,
pills2,Routines,
pills4,Routines,
religion1,Routines,
abc1,School,
backpack2,School,
Backpack9,School,
book6,School,
book,School,
bus1,School,
bus3,School,
computer2,School,
computer7,School,
homework4,School,
hw1,School,
hw2,School,
math2,School,
math5,School,
math7,School,
school18,School,
school,School,
screen1,School,
asset_26,Sports,
asset_28,Sports,
asset_56,Sports,
asset_65,Sports,
asset_73,Sports,
asset_74,Sports,
asset_96,Sports,
asset_9,Sports,
ball3,Sports,
ball4,Sports,
bike1,Sports,
cards1,Sports,
play1,Sports,
play3,Sports,
play4,Sports,
play6,Sports,
playground1,Sports,
soccer1,Sports,
sport2,Sports,
sport3,Sports,
swim4,Sports,
swimmingsuit2,Sports,
water5,Sports,
behavior_2219,Behaviors,
behavior_2220,Behaviors,
behavior_2221,Behaviors,
behavior_2222,Behaviors,
behavior_2223,Behaviors,
behavior_2224,Behaviors,
behavior_2225,Behaviors,
behavior_2226,Behaviors,
behavior_2227,Behaviors,
behavior_2228,Behaviors,
behavior_2229,Behaviors,
behavior_2230,Behaviors,
behavior_2231,Behaviors,
behavior_2232,Behaviors,
behavior_2233,Behaviors,
behavior_2234,Behaviors,
behavior_2235,Behaviors,
behavior_2236,Behaviors,
behavior_2237,Behaviors,
behavior_2238,Behaviors,
behavior_2239,Behaviors,
behavior_2240,Behaviors,
behavior_2241,Behaviors,
behavior_2242,Behaviors,
behavior_2243,Behaviors,
behavior_2244,Behaviors,
behavior_2245,Behaviors,
behavior_2246,Behaviors,
behavior_2247,Behaviors,
behavior_2248,Behaviors,
behavior_2249,Behaviors,
behavior_2250,Behaviors,
behavior_2251,Behaviors,
behavior_2252,Behaviors,
behavior_2253,Behaviors,
behavior_2254,Behaviors,
behavior_2255,Behaviors,
behavior_2257,Behaviors,
behavior_2258,Behaviors,
behavior_2259,Behaviors,
behavior_2260,Behaviors,
behavior_2261,Behaviors,
behavior_2262,Behaviors,
circle_with_red_yellow_green_blue2,Other,